{"cameraMode":{"drawMode":0,"name":"Shaded","section":"Shading Mode"},"sceneLighting":true,"audioPlay":false,"sceneViewState":{"showFog":true,"showMaterialUpdate":false,"showSkybox":true,"showFlares":true,"showImageEffects":true,"showParticleSystems":true},"in2DMode":false,"pivot":{"x":1.6114706993103028,"y":0.8417918682098389,"z":-1.6262645721435547},"rotation":{"x":0.09660766273736954,"y":0.8853070735931397,"z":-0.21272139251232148,"w":0.4020633101463318},"size":14.178075790405274,"orthographic":false}