{"cameraMode":{"drawMode":0,"name":"Shaded","section":"Shading Mode"},"sceneLighting":true,"audioPlay":false,"sceneViewState":{"showFog":true,"showMaterialUpdate":false,"showSkybox":true,"showFlares":true,"showImageEffects":true,"showParticleSystems":true},"in2DMode":false,"pivot":{"x":10.70037841796875,"y":0.4436302185058594,"z":24.639205932617189},"rotation":{"x":-0.10625368356704712,"y":-0.5618942975997925,"z":0.07306727766990662,"w":-0.8170962333679199},"size":84.81749725341797,"orthographic":false}